{"5th Phase": 8213499.9, "Abbigere": 3998071.4285714286, "Adibatla": 2767333.3333333335, "Adugodi": 10878333.166666666, "Alwal": 5127687.5, "Aminpur": 4400000.0, "Anagalapura Near Hennur Main Road": 4959524.975, "Anekal City": 5956703.263736264, "Anjanapura": 8256718.71875, "Appa Junction": 8594857.047619049, "Appa Junction Peerancheru": 7911499.954545454, "Attapur": 7353000.0, "Attibele": 4089861.277372263, "Avalahalli Off Sarjapur Road": 6529245.226415094, "BEML Layout 5th Stage": 6101727.2727272725, "BTM Layout": 14888234.647058824, "Babusa Palya": 4418250.0, "Bachupally": 5316037.0, "Bachupally Road": 4190093.023255814, "Balanagar": 8006333.333333333, "Banashankari": 13938017.068965517, "Banaswadi": 6665041.541666667, "Bandlaguda Jagir": 9427875.0, "Banjara Hills": 29200000.0, "Basaveswarnagar": 5467105.2105263155, "Beeramguda": 3496046.511627907, "Begumpet": 11457142.57142857, "Begur": 7419399.914285715, "Bellandur": 13817799.855555555, "Bilekahalli": 15829874.875, "Bommanahalli": 7875974.333333333, "Bommasandra": 5254315.2792792795, "Brookefield": 9683444.333333334, "Budigere Cross": 6773291.625, "CV Raman Nagar": 13404444.444444444, "Carmelaram": 6858333.333333333, "Chandanagar": 7536874.9375, "Chandapura": 5663593.71875, "Chandapura Anekal Road": 7279999.875, "Chikkagubbi on Hennur Main Road": 7975230.692307692, "Chikkalasandra": 5873166.25, "Darga Khaliz Khan": 8750000.0, "Dasarahalli on Tumkur Road": 7555035.714285715, "Devanahalli": 6200463.365853659, "Doddanekundi": 7158000.0, "East Marredpally": 10336272.727272727, "Electronic City Phase 1": 5129544.73880597, "Electronic City Phase 2": 7914876.0642201835, "Electronics City": 4255888.888888889, "Gachibowli": 17244268.292682927, "Gajularamaram": 5425500.0, "Gajulramaram Kukatpally": 7523799.8, "Gottigere": 6629166.633333334, "HBR Layout": 5077600.0, "Harlur": 10479617.347826088, "Hebbal": 16578183.591836736, "Hennur": 7222918.72972973, "Hennur Road": 7269437.4375, "Hitech City": 18215671.62686567, "Horamavu": 5731505.03030303, "Hosa Road": 9174310.24137931, "Hulimavu": 19730000.0, "ITPL": 12404944.333333334, "JP Nagar Phase 1": 16502275.827586208, "JP Nagar Phase 3": 7167333.3, "JP Nagar Phase 4": 30770909.03030303, "JP Nagar Phase 5": 6544714.285714285, "JP Nagar Phase 7": 14110295.409090908, "JP Nagar Phase 8": 6525103.413793104, "JP Nagar Phase 9": 8806900.0, "Jakkur": 8035759.9, "Jalahalli": 8621499.94117647, "Jayanagar": 12674666.583333334, "Jigani": 3552476.1428571427, "Jubilee Hills": 23710344.827586208, "Junnasandra": 11031533.3, "KPC Layout": 13111111.111111112, "Kachiguda": 5060000.0, "Kadugodi": 8346628.542857143, "Kalyan Nagar": 7341342.02631579, "Kammanahalli": 6937239.96, "Kanakapura Road Beyond Nice Ring Road": 7389686.196078432, "Kannamangala": 9716380.857142856, "Kannur on Thanisandra Main Road": 6826387.693877551, "Kasavanahalli": 8254839.986666666, "Kengeri": 7329816.285714285, "Kodigehalli": 9303600.0, "Kogilu": 12937187.5, "Kogilu Road Near Yelahanka": 3990466.6666666665, "Kokapet": 12941095.174603175, "Kollur Road": 4543588.235294118, "Kompally": 6853999.75, "Konanakunte": 13627687.4, "Kondapur": 11304918.474074075, "Koppa Begur Road": 5793999.956521739, "Koramangala": 24736842.10526316, "Krishna Reddy Pet": 3351548.3870967743, "Krishnarajapura": 5560096.75, "Kudlu": 9437849.95, "Kukatpally": 9846152.511450382, "Kumaraswamy Layout": 10022261.476923076, "Kumbalgodu": 10146999.93478261, "LB Nagar": 5239200.0, "Lingarajapuram": 7043299.9, "Madhapur": 27128846.115384616, "Madinaguda": 5029571.428571428, "Malkajgiri": 7722222.222222222, "Mallampet": 4594687.5, "Mallapur": 5863636.363636363, "Manikonda": 7618475.198019802, "Manyata Tech Park Nagawara": 5763285.666666667, "Marathahalli": 18175437.5, "Marsur": 3785599.9, "Miyapur": 9507833.270833334, "Muneshwara Nagar": 8346222.111111111, "Nacharam": 5862500.0, "Nagarbhavi": 8185346.076923077, "Nagole": 5121000.0, "Nallagandla Gachibowli": 8466407.407407407, "Nallakunta": 5520000.0, "Nanakramguda": 13655868.394736841, "Narayanaghatta": 3428333.277777778, "Narayanapura on Hennur Main Road": 10387333.292682927, "Narsingi": 10072484.848484848, "Nayandahalli": 10950000.0, "Near Peenya Industrial Area": 12524874.875, "Nelamangala": 6381176.411764706, "Nizampet": 4516486.486486486, "Patancheru": 3544444.4444444445, "Poorna Pragna Layout": 7212083.333333333, "Poornapragna Housing Society Layout": 7083571.428571428, "Pragathi Nagar Kukatpally": 6327596.134615385, "Puppalaguda": 7446648.621621622, "RR Nagar": 6796620.163461538, "Raja Rajeshwari Nagar 5th Stage": 5551000.0, "Rajajinagar": 29296558.76470588, "Rajarajeshwari nagar": 7494466.6, "Ramamurthy Nagar": 6122474.9, "Richmond Town": 69859375.0, "Sahakar Nagar": 18882142.82142857, "Sanath Nagar": 13416666.666666666, "Sarjapur": 5043999.975, "Sarjapur Attibele": 5040363.636363637, "Sarjapur Road": 6388538.307692308, "Sarjapur Road Till Wipro": 14100000.0, "Sarjapur Road Wipro To Railway Crossing": 9393376.68115942, "Serilingampally": 8291891.891891892, "Shaikpet": 17050000.0, "Singasandra": 4047000.0, "Subramanyapura": 8136571.392857143, "Talaghattapura": 8952630.369565217, "Tarnaka": 7162500.0, "Tellapur": 9497076.807692308, "TellapurOsman Nagar Road": 10922221.888888888, "Thanisandra": 9335117.647058824, "Thanisandra Main Road": 3709923.0, "Toli Chowki": 4666666.666666667, "Uttarahalli": 7058931.795454546, "Uttarahalli Hobli": 6432800.0, "Uttarahalli Main Road": 7425631.543859649, "Varthur": 7682532.012820513, "West Marredpally": 12823076.923076924, "Whitefield": 8256000.0, "Whitefield Hope Farm Junction": 8153749.95, "Yelahanka": 8210927.936, "Yeshwantpur": 13051857.023809524, "sarjapura attibele road": 5024412.650793651}